{"stats":{"minecraft:dropped":{"alexsmobs:animal_dictionary":1,"slashblade:proudsoul_tiny":1},"minecraft:mined":{"minecraft:oak_log":2},"minecraft:custom":{"minecraft:time_since_rest":14732,"minecraft:crouch_one_cm":71,"minecraft:play_time":14732,"minecraft:sprint_one_cm":20387,"minecraft:damage_taken":100,"minecraft:walk_one_cm":45046,"minecraft:sneak_time":58,"minecraft:walk_under_water_one_cm":1038,"minecraft:mob_kills":3,"minecraft:drop":2,"minecraft:jump":139,"minecraft:damage_dealt":1869,"minecraft:leave_game":3,"minecraft:time_since_death":14732,"minecraft:walk_on_water_one_cm":4363,"minecraft:total_world_time":14732,"minecraft:swim_one_cm":7670,"minecraft:fly_one_cm":18625,"minecraft:fall_one_cm":2079},"minecraft:killed":{"minecraft:creeper":1},"minecraft:used":{"minecraft:cooked_porkchop":2,"slashblade:slashblade":55,"alexsmobs:animal_dictionary":1},"minecraft:crafted":{"minecraft:oak_planks":8,"minecraft:crafting_table":1},"minecraft:picked_up":{"minecraft:stick":5,"minecraft:cooked_porkchop":25,"minecraft:rotten_flesh":1,"minecraft:oak_log":2,"paraglider:heart_container":1,"slashblade:slashblade":1,"minecraft:enchanted_golden_apple":16,"minecraft:oak_sapling":5,"minecraft:nether_star":1,"minecraft:dirt":2,"alexsmobs:animal_dictionary":1}},"DataVersion":3120}