{"stats":{"minecraft:dropped":{"minecraft:dirt":4},"minecraft:mined":{"minecraft:grass_block":1,"minecraft:dirt":2},"minecraft:custom":{"minecraft:jump":206,"minecraft:time_since_rest":939,"minecraft:damage_dealt":415,"minecraft:damage_taken":1956,"minecraft:leave_game":2,"minecraft:crouch_one_cm":2324,"minecraft:time_since_death":911,"minecraft:play_time":5881,"minecraft:sprint_one_cm":9825,"minecraft:walk_one_cm":17992,"minecraft:walk_on_water_one_cm":126,"minecraft:deaths":5,"minecraft:sneak_time":545,"minecraft:total_world_time":5881,"minecraft:drop":4,"minecraft:fall_one_cm":20335,"minecraft:fly_one_cm":20588,"minecraft:player_kills":2},"minecraft:picked_up":{"minecraft:dirt":5},"minecraft:killed_by":{"minecraft:player":2}},"DataVersion":3120}