{"stats":{"minecraft:mined":{"minecraft:dirt":1},"minecraft:picked_up":{"minecraft:dirt":1},"minecraft:custom":{"minecraft:jump":17,"minecraft:time_since_rest":2608,"minecraft:crouch_one_cm":627,"minecraft:sprint_one_cm":594,"minecraft:leave_game":4,"minecraft:play_time":2608,"minecraft:time_since_death":2608,"minecraft:walk_one_cm":1712,"minecraft:sneak_time":143,"minecraft:total_world_time":2608,"minecraft:fall_one_cm":952,"minecraft:fly_one_cm":1907},"minecraft:used":{"minecraft:dirt":1}},"DataVersion":3120}