{"stats":{"minecraft:used":{"minecraft:dirt":2},"minecraft:dropped":{"minecraft:dirt":1},"minecraft:custom":{"minecraft:jump":223,"minecraft:leave_game":1,"minecraft:time_since_rest":76,"minecraft:walk_on_water_one_cm":131,"minecraft:crouch_one_cm":286,"minecraft:damage_dealt":470,"minecraft:deaths":4,"minecraft:sprint_one_cm":7317,"minecraft:play_time":6386,"minecraft:damage_taken":1649,"minecraft:time_since_death":47,"minecraft:walk_one_cm":27202,"minecraft:sneak_time":78,"minecraft:total_world_time":6386,"minecraft:drop":1,"minecraft:fall_one_cm":19282,"minecraft:fly_one_cm":13149,"minecraft:player_kills":2},"minecraft:picked_up":{"minecraft:dirt":3},"minecraft:killed_by":{"minecraft:player":2}},"DataVersion":3120}