{"stats":{"minecraft:dropped":{"minecraft:enchanted_golden_apple":16,"minecraft:nether_star":1,"minecraft:cooked_porkchop":25,"slashblade:slashblade":1},"minecraft:custom":{"minecraft:time_since_rest":18327,"minecraft:play_time":18327,"minecraft:sprint_one_cm":9489,"minecraft:damage_absorbed":112,"minecraft:damage_taken":152,"minecraft:walk_one_cm":55248,"minecraft:walk_under_water_one_cm":5157,"minecraft:mob_kills":10,"minecraft:drop":43,"minecraft:jump":183,"minecraft:damage_dealt":3654,"minecraft:leave_game":2,"minecraft:time_since_death":18327,"minecraft:walk_on_water_one_cm":4094,"minecraft:damage_resisted":41,"minecraft:total_world_time":18327,"minecraft:swim_one_cm":7426,"minecraft:fall_one_cm":5268,"minecraft:fly_one_cm":22597},"minecraft:killed":{"minecraft:skeleton":1,"minecraft:drowned":1,"minecraft:zombie":3,"minecraft:blaze":6,"minecraft:wither":1},"minecraft:broken":{"slashblade:slashblade":1},"minecraft:used":{"simplyswords:shadowsting":3,"alexsmobs:spawn_egg_banana_slug":1,"minecraft:oak_sapling":1,"minecraft:cooked_porkchop":1,"slashblade:slashblade":107,"minecraft:enchanted_golden_apple":2},"minecraft:picked_up":{"slashblade:proudsoul_tiny":1,"minecraft:stick":1,"minecraft:coarse_dirt":2,"slashblade:proudsoul":1,"minecraft:rotten_flesh":1,"minecraft:apple":1,"minecraft:oak_log":5,"minecraft:oak_sapling":1,"minecraft:blaze_rod":2,"minecraft:dirt":13,"minecraft:nether_star":1}},"DataVersion":3120}